School Name,Totals,Participation,Host Sectionals,Host Regionals,Host Semi-State,Longitude,Latitude
Carmel High School,5000,1,0,0,0,-86.1194606,39.9800196
Ben Davis High School,4362,1,1,1,0,-86.291011,39.784335
North Central (Indpls.) High School,3772,1,0,0,0,-86.1292201,39.9108906
Warren Central High School,3736,1,0,0,0,-85.9995792,39.7908649
Penn High School,3345,1,0,0,0,-86.1077188,41.6789166
Pike High School,3306,1,0,0,0,-86.2553787,39.8755913
Fishers High School,3250,1,0,0,0,-85.9671656,39.9774364
Lake Central High School,3219,1,0,0,0,-87.472988,41.467027
Hamilton Southeastern HS,3118,1,0,0,0,-85.9172084,39.9705991
Avon High School,2891,1,0,0,0,-86.3879795,39.7389748
Noblesville High School,2882,1,1,1,0,-85.9978899,40.0564429
Crown Point High School,2763,1,1,1,0,-87.3612677,41.3897616
Franklin Central High School,2659,1,0,0,0,-86.0157925,39.6769467
Brownsburg High School,2629,1,0,0,0,-86.3879708,39.8299773
Portage High School,2520,1,0,0,0,-87.16763,41.5540097
Center Grove High School,2500,1,0,0,0,-86.1952026,39.5760289
Lawrence North High School,2469,1,0,0,0,-86.0349536,39.8961663
Perry Meridian High School,2351,1,0,0,0,-86.1665921,39.6483986
Homestead Senior High School,2348,1,0,0,0,-85.2862557,41.0433219
Lawrence Central High School,2340,1,0,0,0,-86.0382149,39.85667
Carroll (F.W.) High School,2280,1,0,0,0,-85.1925191,41.1903467
Merrillville High Sch,2214,1,0,0,0,-87.3298741,41.4944455
Southport High School,2185,1,0,0,0,-86.1414684,39.671079
Warsaw Community HS,2176,1,0,0,0,-85.8658955,41.2237933
Westfield High School,2146,1,0,0,0,-86.1297922,40.0521817
F.W. Northrop High School,2097,1,1,0,0,-85.1394507,41.1457383
Valparaiso High School,2082,1,0,0,0,-87.0675623,41.4932851
Chesterton Senior High School,2076,1,1,0,0,-87.0646117,41.5890906
Jeffersonville High School,2066,1,0,0,0,-85.7101307,38.3166996
Lafayette Jefferson High School,2031,1,0,0,0,-86.874879,40.3985594
Columbus North High School,2017,1,0,0,0,-85.9112191,39.2245573
LaPorte High School,1946,1,0,0,0,-86.7268627,41.6011891
Indpls. Arsenal Technical High School,1940,1,0,0,0,-86.1347879,39.7792736
Castle High School,1934,1,0,0,0,-87.384368,37.984834
Anderson High School,1933,1,0,0,0,-85.690682,40.065838
Zionsville Community High Sch,1928,1,0,0,0,-86.2729923,39.9587127
Harrison (W.Laf.) High Sch,1905,1,1,1,0,-86.9145262,40.499183
Goshen High School,1866,1,0,0,0,-85.8230976,41.5807053
Terre Haute North Vigo High Sch,1854,1,1,0,0,-87.3634658,39.4928774
F.W. Snider High School,1850,1,0,0,0,-85.0824314,41.1077269
Whiteland Community High Sch,1845,1,0,0,0,-86.0841139,39.5513204
New Albany Senior High School,1843,1,0,0,0,-85.8110215,38.2987932
S.B. Adams High School,1794,1,0,0,0,-86.2228372,41.6670326
Terre Haute South Vigo High Sch,1778,1,0,0,0,-87.4082875,39.4254888
Kokomo High School,1769,1,0,0,0,-86.1575594,40.4560891
McCutcheon High School,1769,1,0,0,0,-86.9031813,40.3509069
Decatur Central High School,1767,1,0,0,0,-86.2768599,39.6877735
Michigan City High Sch,1753,1,0,0,0,-86.8628109,41.6782169
Floyd Central High School,1746,1,0,0,0,-85.930774,38.3327561
Bloomington High School South,1742,1,0,0,0,-86.529005,39.143062
Concord Community High School,1716,1,0,0,0,-85.9286636,41.635752
Bloomington High School North,1709,1,0,0,0,-86.5490246,39.1991004
Elkhart Central High School,1673,1,1,1,0,-85.9588896,41.6848123
F.W. North Side High School,1672,1,0,0,0,-85.1352018,41.0977081
Elkhart Memorial High School,1648,1,0,0,0,-86.0138757,41.6968351
Plainfield High School,1636,1,0,0,0,-86.378766,39.6818979
Evans. North High School,1614,1,0,0,0,-87.549641,38.005881
Huntington North High School,1575,1,0,0,0,-85.5105274,40.8918853
Muncie Central High School,1551,1,0,0,0,-85.3877266,40.2011017
Bedford-North Lawrence High School,1542,1,1,1,0,-86.442403,38.881746
Columbus East High School,1534,1,0,0,0,-85.8861404,39.1950999
Franklin Community High Sch,1533,1,1,0,0,-86.0867306,39.5117904
Greenfield-Central High Sch,1510,1,0,0,0,-85.781507,39.7929609
Munster High School,1510,1,0,0,0,-87.5048099,41.5545436
Martinsville High School,1509,1,0,0,0,-86.411796,39.419674
Seymour Senior High School,1498,1,0,0,0,-85.9062532,38.9562509
Mishawaka High School,1470,1,0,0,0,-86.1616794,41.6630632
Pendleton Heights High School,1421,1,1,0,0,-85.7353144,39.9973648
F.W. South Side High School,1409,1,0,0,0,-85.1367542,41.05239
Mooresville High School,1402,1,0,0,0,-86.377108,39.6187343
Northridge High School,1392,1,0,0,0,-85.7351776,41.669641
Evans. F. J. Reitz High Sch,1355,1,0,0,0,-87.605549,37.972065
Hammond Morton Senior High School,1348,1,0,0,0,-87.4398167,41.5864118
F.W. Wayne High School,1340,1,0,0,0,-85.1401401,41.0007198
Jennings County High School,1332,1,0,0,0,-85.6414446,38.998923
Richmond High School,1331,1,0,0,0,-84.9022281,39.8224975
East Central High School,1302,1,0,0,0,-84.9742498,39.2789905
Hobart High School,1265,1,0,0,0,-87.2320511,41.5207163
East Noble High School,1262,1,0,0,0,-85.2574662,41.4347673
S.B. Riley High School,1249,1,1,0,0,-86.243377,41.654121
Evans. Harrison High Sch,1243,1,0,0,0,-87.486057,37.97381
East Chicago Central High Sch,1236,1,0,0,0,-87.4853127,41.6403209
Logansport Comm High Sch,1235,1,1,0,0,-86.3314841,40.7493624
Mt. Vernon (Fortville) High School,1227,1,0,0,0,-85.84411,39.901374
Greenwood Community High Sch,1200,1,0,0,0,-86.1174631,39.6029045
Lowell Senior High School,1197,1,0,0,0,-87.393435,41.2914076
Evans. Central High School,1185,1,0,0,0,-86.0157925,39.6769467
Indpls. Cathedral HS,1184,1,0,0,0,-86.0807787,39.8520411
Roncalli High School,1184,1,0,0,0,-86.1068634,39.6901287
DeKalb High School,1170,1,0,0,0,-85.0410956,41.4064699
Shelbyville Sr High Sch,1156,1,0,1,1,-85.789248,39.5062308
Plymouth High School,1147,1,0,0,0,-86.3027616,41.3473756
S.B. Clay High School,1143,1,0,0,0,-86.2383412,41.7326017
New Palestine High School,1119,1,1,0,0,-85.89055,39.7186612
Highland High School,1117,1,0,0,0,-87.4592643,41.5466717
Connersville Sr High School,1111,1,1,0,0,-85.160944,39.636354
Jasper High School,1093,1,1,0,0,-86.95074,38.4027107
Kankakee Valley High School,1083,1,0,0,0,-87.1201533,41.1856481
F.W. Bishop Dwenger HS,1075,1,0,0,0,-85.1254925,41.1318002
Jay County High School,1060,1,0,0,0,-85.0237727,40.4297071
Columbia City High School,1056,1,0,0,0,-85.4841256,41.1628561
Marion High School,1053,1,1,1,0,-85.6686289,40.5387549
Gary West Side Leadership Acad.,1046,1,0,0,0,-87.4078595,41.59385
Northview High School,1024,1,0,0,0,-87.1661818,39.5159437
New Castle Chrysler High Sch,1023,1,0,0,0,-85.3765877,39.9124869
New Haven High School,996,1,0,0,1,-85.0121387,41.0652957
New Prairie High School,993,1,0,1,1,-86.563983,41.683073
Lebanon Senior High School,976,1,0,0,0,-86.4624662,40.058319
Madison Consolidated High Sch,966,1,0,0,0,-85.4025678,38.7733285
Beech Grove Sr High School,949,1,0,0,0,-86.0761321,39.7114249
Wawasee High School,945,1,0,0,0,-85.7567312,41.4179325
Silver Creek High School,909,1,0,0,0,-85.7552273,38.4077876
S.B. Washington High School,906,1,0,0,0,-86.3142219,41.67497
Hammond Gavit Mdl/High Sch,904,1,1,0,0,-87.4875017,41.5762616
Boonville High School,903,1,0,0,0,-87.2800146,38.0528013
S.B. Saint Joseph's HS,896,1,0,0,0,-86.2382062,41.6812857
NorthWood High School,883,1,0,0,0,-85.9993368,41.4616274
Angola High School,876,1,0,0,0,-84.971477,41.6317985
Leo Junior/Senior High School,872,1,0,0,0,-85.017715,41.2198405
Delta High School,871,1,1,1,0,-85.3480724,40.278276
South Dearborn High School,868,1,1,0,0,-84.9285637,39.06395
Frankfort Senior High School,861,1,0,0,0,-86.485168,40.281529
Western High School,855,1,0,0,0,-86.2429388,40.437402
Mississinewa High School,845,1,0,0,0,-85.6134193,40.4966375
Franklin County High,836,1,0,0,0,-84.998764,39.428562
Herron High School,827,1,0,0,0,-86.1552952,39.7887861
Owen Valley Community HS,813,1,0,0,0,-86.781547,39.288654
Culver Academies,812,1,1,1,0,-86.4047044,41.2250559
Edgewood High School,811,1,0,0,0,-86.634036,39.23586
Hammond High School,810,1,0,0,0,-87.509568,41.605226
Evansville Bosse High School,802,1,0,0,0,-87.540014,37.963822
Yorktown High School,801,1,0,0,0,-85.493758,40.183124
Griffith Senior High School,800,1,0,0,0,-87.436207,41.5327164
Brebeuf Jesuit Preparatory School,794,1,1,0,0,-86.2102522,39.9106145
Scottsburg Senior High School,794,1,0,0,0,-85.7812543,38.6806275
Danville Community High Sch,791,1,0,0,0,-86.5401579,39.7569997
F.W. Concordia Lutheran HS,781,1,0,0,0,-85.117668,41.109845
Twin Lakes Senior High School,773,1,0,0,0,-86.7701417,40.7420758
Norwell High School,769,1,0,0,0,-85.2020587,40.8283587
Hammond Clark Md/HS,760,1,0,0,0,-87.5068384,41.6782559
Guerin Catholic HS,758,1,0,0,0,-86.08685,40.010302
Greensburg Community High Sch,750,1,0,0,0,-85.4684102,39.3409772
Indpls. Crispus Attucks Medical Magnet,745,1,0,0,0,-86.1691992,39.7828316
Rushville Consolidated High Sch,742,1,0,1,0,-85.4490007,39.6211095
Washington High School,742,1,0,0,0,-87.167995,38.6588562
West Lafayette Jr/Sr High Sch,734,1,0,0,0,-86.9118518,40.436141
Batesville High School,733,1,0,0,0,-85.2340038,39.3109449
Hamilton Heights High School,728,1,0,0,0,-86.0155482,40.1655542
West Noble High School,723,1,1,1,0,-85.5813088,41.4258661
Corydon Central High School,716,1,0,0,0,-86.1193947,38.2009798
Vincennes Lincoln High School,716,1,0,0,0,-87.5000211,38.6509208
Charlestown Senior High Sch,707,1,0,0,0,-85.6669034,38.4556156
Crawfordsville Sr High School,702,1,0,0,0,-86.9074441,40.0209269
Indpls. Bishop Chatard HS,700,1,0,0,0,-86.1273429,39.8618738
Indpls. Emmerich Manual High School,696,1,0,0,0,-86.1535792,39.7330998
Indpls. Northwest High School,696,1,0,0,0,-86.258554,39.8146511
Bellmont Senior High School,691,1,1,0,0,-84.9072224,40.8355568
Evans. Reitz Memorial HS,690,1,0,0,0,-87.536815,37.971318
North Harrison High School,689,1,0,0,0,-86.1441722,38.322028
Mishawaka Marian HS,688,1,0,0,0,-86.1973249,41.6498136
Hanover Central High Sch,680,1,0,0,0,-87.457879,41.3785593
Maconaquah High School,666,1,0,0,0,-86.065803,40.651725
Calumet High School,664,1,0,0,0,-87.4092115,41.5476375
Peru High School,659,1,0,0,0,-86.0728159,40.760488
Mt. Vernon High School,658,1,0,0,0,-85.84411,39.901374
Brown County High School,657,1,1,1,1,-86.2439528,39.2046253
Gibson Southern High School,654,1,0,0,0,-87.6347127,38.2382679
Indpls. Broad Ripple HS for Prfm Arts,635,1,0,0,0,-86.137492,39.8684937
Indian Creek Sr High Sch,631,1,0,0,0,-86.1607531,39.4073802
Tri-West Senior High School,624,1,0,0,0,-86.5420854,39.877131
North Montgomery High School,620,1,0,0,0,-86.9068336,40.1246682
Heritage Hills High School,619,1,0,0,0,-86.9881688,38.1197533
Lawrenceburg High School,619,1,0,0,0,-84.8532308,39.0997072
Princeton Comm High Sch,618,1,0,0,0,-87.5704815,38.3690032
F.W. Bishop Luers HS,617,1,0,0,0,-85.1334922,41.0333173
Jimtown High School,605,1,0,0,0,-86.0239964,41.6372322
Heritage Jr/Sr High School,596,1,0,0,0,-84.962507,40.975684
Tippecanoe Valley High School,595,1,0,0,0,-86.0393392,41.1095802
Sullivan High School,591,1,0,0,0,-87.4113001,39.1054066
Garrett High School,590,1,0,0,0,-85.127193,41.348105
Pike Central High Sch,588,1,0,1,0,-87.2423887,38.4343374
Benton Central Jr-Sr High Sch,585,1,1,0,0,-87.2425641,40.5640606
Knox Community High School,584,1,0,0,0,-86.6260143,41.2854565
Glenn High School,580,1,0,0,0,-86.4799099,41.4574282
Brownstown Central High Sch,577,1,0,0,0,-86.0457121,38.8859036
Lakeland High School,577,1,0,0,0,-85.4103137,41.6539377
West Vigo High School,577,1,0,0,0,-87.4896802,39.4606165
Salem High School,573,1,0,0,0,-86.1067916,38.6116598
Fairfield Jr-Sr High School,565,1,0,0,0,-85.7679462,41.517725
Indpls. Cardinal Ritter HS,563,1,0,0,0,-86.2159043,39.8127943
Northwestern Sr High Sch,562,1,0,0,0,-86.2050618,40.5254249
Gary Lighthouse Charter School,560,1,0,0,0,-87.3572796,41.543413
Blackford High School,558,1,0,0,0,-85.3722819,40.4848916
Greencastle Senior High Sch,556,1,0,0,0,-86.8433368,39.6431741
Wheeler High School,553,1,0,0,0,-87.1791144,41.4786881
Southmont Sr High School,550,1,0,0,0,-86.9055519,39.9472479
South Vermillion High School,546,1,0,0,0,-87.4139025,39.6886356
Muncie Burris Laboratory School,535,1,0,0,0,-85.4122746,40.1967204
Woodlan Jr/Sr High School,534,1,0,0,0,-84.9191272,41.1235004
Rensselaer Central High Sch,531,1,1,0,0,-87.1362557,40.9345016
Southridge High School,531,1,0,0,0,-86.9651751,38.274853
Evansville Mater Dei High School,529,1,1,0,0,-87.615867,37.988803
Western Boone Jr-Sr High School,529,1,0,0,0,-86.6131316,40.0563338
Hammond Bishop Noll Institute,528,1,0,0,0,-87.491937,41.6283089
Monrovia High School,527,1,0,0,0,-86.478646,39.5755679
Eastbrook High School,525,1,0,0,0,-85.5052328,40.5454527
Rochester Community High Sch,524,1,0,0,0,-86.2243472,41.0577808
Tipton High School,524,1,0,0,0,-86.0400686,40.2739755
Speedway Senior High School,523,1,0,0,0,-86.252904,39.80084
Manchester Jr-Sr High School,511,1,0,0,0,-85.7726668,41.0093581
Oak Hill High School,511,1,0,0,0,-85.8212287,40.5798803
Alexandria-Monroe High School,506,1,0,0,0,-85.6782961,40.2520348
Boone Grove High School,499,1,0,0,0,-87.1658616,41.3962693
North Posey Sr High Sch,498,1,0,0,0,-87.8019057,38.1421044
Bremen Senior High School,497,1,0,0,0,-86.1419206,41.4441506
Andrean High School,492,1,0,0,0,-87.3337726,41.5102973
Eastern (Greentown) Jr & Sr HS,491,1,0,0,0,-85.97085,40.4728487
Mitchell High School,491,1,0,0,0,-86.480385,38.7366465
Whitko High School,486,1,0,0,0,-85.6354421,41.0829323
Frankton Jr-Sr High Sch,480,1,0,0,0,-85.7727518,40.2207185
Eastern (Pekin) High Sch,473,1,0,0,0,-86.0014731,38.5146014
Lapel Sr High School,470,1,0,0,0,-85.8404654,40.0773686
Paoli Jr & Sr High Sch,468,1,0,0,0,-86.4773526,38.5503789
Triton Central High School,468,1,0,0,0,-85.8735445,39.611196
Cass Jr-Sr High School,466,1,0,0,0,-86.2514139,40.6627281
Clarksville Senior High Sch,464,1,0,0,0,-85.7673053,38.2990366
Centerville Sr High School,463,1,0,0,0,-84.9991623,39.8131337
Gary Roosevelt Car & Tech Acad,458,1,0,0,0,-87.3455261,41.5733508
Cascade Senior High School,457,1,0,0,0,-86.559061,39.665807
Crawford County Jr-Sr HS,457,1,1,1,0,-86.352968,38.319303
Indpls. George Washington Community,457,1,0,0,0,-86.1991647,39.7655047
North Putnam Sr High Sch,456,1,0,0,0,-86.8010151,39.7892971
Indpls. Scecina Memorial School,449,1,0,0,0,-86.0853481,39.7870422
Bowman Leadership Academy,447,1,0,0,0,-87.349441,41.5996678
Elwood Community High School,447,1,0,0,0,-85.835536,40.2904229
Winchester Community High Sch,446,1,0,0,0,-84.9750683,40.1810243
Union County High School,444,1,0,0,0,-84.9208953,39.635175
Bluffton High School,443,1,0,0,0,-85.1624555,40.7236325
Shenandoah High School,442,1,0,0,0,-85.5255344,40.0057614
North Newton Jr-Sr High Sch,440,1,0,0,0,-87.4255265,41.0357011
River Forest Jr-Sr High School,439,1,0,0,0,-87.2797908,41.5589266
Providence HS,437,1,0,0,0,-85.783607,38.3065885
Whiting High School,434,1,0,0,0,-87.4937826,41.6810164
Delphi Community High School,430,1,0,0,0,-86.6649688,40.5752004
Wabash High School,427,1,0,0,0,-85.8250889,40.806979
Eastern Hancock High Sch,425,1,0,0,0,-85.6099072,39.8241433
Tell City Jr-Sr High School,421,1,0,0,0,-86.7634069,37.9546249
Northeastern High School,419,1,0,0,0,-84.9121811,39.9344466
Westview Jr-Sr High School,416,1,0,0,0,-85.5397318,41.6174014
Prairie Heights Sr High Sch,415,1,0,0,0,-85.2002749,41.639249
Taylor High School,413,1,0,0,0,-86.0547709,40.4353277
Milan High School,411,1,0,0,0,-85.128011,39.1293353
Heritage Christian,407,1,0,0,0,-86.05962,39.888176
South Spencer High School,407,1,0,0,0,-87.1063928,37.9035151
Switzerland Co Senior High Sch,404,1,0,0,0,-85.0798314,38.7413049
Park Tudor School (9-12),403,1,0,0,0,-86.1480418,39.8843004
Madison-Grant High School,401,1,0,0,0,-85.6736855,40.384119
North Knox High School,398,1,0,0,0,-87.3132612,38.8350125
Forest Park Jr-Sr High Sch,397,1,0,0,0,-86.857842,38.2276191
Wapahani High School,396,1,0,0,0,-85.2639447,40.1676513
Austin High School,394,1,0,0,0,-85.8003737,38.7398727
Central Noble High School,393,1,0,0,0,-85.4200576,41.3976883
Cloverdale High School,382,1,0,0,0,-86.7912677,39.5119005
Knightstown High School,381,1,0,0,0,-85.5420083,39.7925592
Lake Station Edison Jr-Sr HS,381,1,0,0,0,-87.245178,41.5771221
Perry Central Jr-Sr High Sch,379,1,0,0,0,-86.60415,38.111347
Eastern Greene High School,377,1,0,0,0,-86.7374855,39.0308869
Winamac Community High School,377,1,0,0,0,-86.5963694,41.0458267
Adams Central High School,375,1,0,0,0,-84.942426,40.746696
Seeger Memorial Jr-Sr HS,375,1,0,0,0,-87.3881674,40.2981631
Eastside Junior-Senior High Sch,372,1,0,0,0,-84.86329,41.43152
Indpls. Arlington Community HS,371,1,0,0,0,-86.0635161,39.8442112
Hebron High School,370,1,0,0,0,-87.1964951,41.3139265
Monroe Central Jr-Sr High Sch,370,1,0,0,0,-85.1676079,40.191922
F.W. Canterbury School,369,1,0,0,0,-85.2119561,41.0540212
South Adams High School,369,1,0,0,0,-84.9555679,40.6663905
North Judson-San Pierre High Sch,368,1,0,0,0,-86.7888486,41.2103777
Churubusco Jr-Sr High School,367,1,0,0,0,-85.3236374,41.2309817
Linton-Stockton High School,366,1,0,0,0,-87.1665422,39.0415839
South Knox Middle-High School,366,1,1,0,0,-87.422056,38.6354339
LaVille Jr-Sr High School,363,1,0,0,0,-86.3031157,41.4781872
South Putnam High School,363,1,1,0,0,-86.8158314,39.5828639
Indpls. Shortridge Law & Public Policy,361,1,0,0,0,-86.1556273,39.8181711
Signature School Inc,361,1,0,0,0,-87.5686546,37.9729899
Southwestern (Hanover) Middle/Sr HS,359,1,1,0,0,-85.4728999,38.710169
Indpls. Howe Comm High School,357,1,0,0,0,-86.0855245,39.7681112
South Ripley High School,354,1,0,0,0,-85.2502114,39.0510622
Carroll (Flora) Jr-Sr High Sch,353,1,0,0,0,-86.4804912,40.545908
Fountain Central High School,350,1,0,0,0,-87.2266601,40.1062136
Henryville Jr & Sr High Sch,349,1,0,0,0,-85.7705934,38.543589
Irvington Preparatory Academy,342,1,0,0,0,-86.068413,39.765638
Hagerstown Jr-Sr High School,341,1,0,0,0,-85.161254,39.920567
Covenant Christian (Indpls.) HS,334,1,0,0,0,-86.2930584,39.7930563
Cambridge City Lincoln Sr High Sch,331,1,0,0,0,-85.1651465,39.8158337
Clinton Prairie Jr-Sr HS,330,1,0,0,0,-86.5920069,40.251284
North Decatur Jr-Sr High Sch,329,1,0,0,0,-85.477649,39.3830281
Sheridan High School,329,1,0,0,0,-86.2153577,40.140363
North Miami Middle/High School,320,1,0,0,0,-86.066022,40.895989
Rossville Senior High School,313,1,0,0,0,-86.5976297,40.4140594
South Decatur Jr-Sr High Sch,313,1,0,0,0,-85.5766525,39.2068084
Covington Community High Sch,309,1,0,0,0,-87.3953317,40.1431228
Tecumseh Jr-Sr High Sch,309,1,0,0,0,-87.3405531,38.1943771
North Daviess Jr-Sr High Sch,306,1,0,0,0,-87.0619192,38.8474347
Northfield Jr-Sr High School,304,1,0,0,0,-85.7957822,40.8553665
Riverton Parke Jr-Sr High School,304,1,0,0,0,-87.3220879,39.697741
Fremont High School,303,1,0,0,0,-84.9401146,41.7296487
South Central (Union Mills) Jr-Sr HS,303,1,0,0,0,-86.8149211,41.4653275
Westville High School,296,1,0,0,0,-86.8944443,41.5416489
Southwood Jr-Sr High School,295,1,0,0,0,-85.7812408,40.7401174
Lafayette Central Catholic Jr-Sr HS,291,1,0,0,0,-86.8870068,40.3927809
University High School of Indiana,289,1,0,0,0,-86.2122125,39.9542639
Hammond Acad. Of Sci. & Tech.,287,1,0,0,0,-87.5235321,41.6179983
Tri Junior-Senior High School,285,1,0,0,0,-85.3510865,39.832935
North Central (Farmersburg) HS,283,1,0,0,0,-87.3904635,39.2249612
Union City Community High Sch,280,1,0,0,0,-84.8148529,40.2041946
West Central Senior High School,280,1,0,0,0,-86.890402,41.028479
Daleville Jr/Sr High School,279,1,0,0,0,-85.5546521,40.1184352
Loogootee Jr/Sr High School,278,1,0,0,0,-86.9212472,38.6779439
Indpls. Lighthouse Charter School,277,1,0,0,0,-86.0889651,39.743379
Wood Memorial High,277,1,0,0,0,-87.3519119,38.3309062
Kouts Middle/High School,275,1,0,0,0,-87.0219988,41.3128995
Pioneer Jr-Sr High School,275,1,0,0,0,-86.4942132,40.8609819
Wes-Del Middle/Senior High Sch,275,1,0,0,0,-85.4996181,40.2801027
Clinton Central Junior-Senior HS,274,1,0,0,0,-86.391188,40.297755
Marquette Catholic HS,273,1,0,0,0,-86.9027409,41.7109078
Tindley Accelerated Sch,273,1,0,0,0,-86.1145682,39.8297603
Tri Central Middle-High School,271,1,0,0,0,-86.0536605,40.3756544
Edinburgh Community High Sch,269,1,0,0,0,-85.9705208,39.3516005
Hauser Jr-Sr High School,268,1,0,0,0,-85.7700062,39.2926055
Northeast Dubois High School,268,1,0,0,0,-86.7964178,38.4509433
White River Valley Jr/Sr High Sch,268,1,0,0,0,-87.0466035,39.0352946
21st Century Charter Sch of Gary,266,1,0,0,0,-87.338817,41.6007206
Southern Wells Jr-Sr High Sch,266,1,0,0,0,-85.27987,40.6076036
Springs Valley Comm High Sch,266,1,0,0,0,-86.616972,38.5489731
Washington Twp Middle/High School,266,1,0,0,0,-86.9945285,41.4844935
North White Jr/Sr High School,265,1,0,0,0,-86.8756643,40.8675418
Jac-Cen-Del Jr-Sr High School,263,1,0,0,0,-85.2948003,39.1402889
S.B. Career Academy,263,1,0,0,0,-86.331558,41.7277848
Triton Jr-Sr High Sch,261,1,0,0,0,-86.1090019,41.3013485
Indpls. Metropolitan High Sch,258,1,0,0,0,-86.1917706,39.7736692
West Washington Jr-Sr HS,257,1,0,0,0,-86.234466,38.583932
Providence Cristo Rey HS,255,1,0,0,0,-86.2024856,39.7676282
Lanesville Jr-Sr HS,253,1,0,0,0,-85.9888677,38.2394083
Indpls. Lutheran High School,251,1,0,0,0,-86.0622193,39.6874613
Clay City Jr-Sr High School,249,1,0,0,0,-87.1100096,39.2795639
Culver Community High Sch,249,1,0,0,0,-86.4252158,41.2238137
Anderson Preparatory Academy,247,1,0,0,0,-85.6804128,40.0864699
North Vermillion High School,245,1,0,0,0,-87.4525917,39.9676332
Morgan Township Middle/High School,244,1,0,0,0,-87.024659,41.392245
Christian Academy of Indiana,241,1,0,0,0,-85.8289458,38.3257356
F.W. Blackhawk Christian Jr-Sr HS,241,1,0,0,0,-85.0457197,41.1050294
Shakamak Jr-Sr High Sch,240,1,0,0,0,-87.0466035,39.0352946
Cowan High School,238,1,0,0,0,-85.3932711,40.1077418
Tri-County Middle-Senior High,234,1,0,0,0,-87.0855283,40.736303
Rising Sun High School,233,1,0,0,0,-84.8595567,38.9501149
Christel House Academy,232,1,0,0,0,-86.1482727,39.7278877
Borden High School,230,1,0,0,0,-85.9477132,38.4694128
Bloomfield Jr-Sr High School,228,1,0,0,0,-86.946704,39.025011
Caston Jr-Sr High Sch,228,1,0,0,0,-86.2821952,40.9116983
Southwestern (Shelby) High School,227,1,0,0,0,-85.8450396,39.4382614
Orleans Jr-Sr High Sch,226,1,0,0,0,-86.4544227,38.6678802
New Washington Middle/High School,225,1,0,0,0,-85.541407,38.5656272
Rockville Jr-Sr High School,224,1,0,0,0,-87.2331699,39.768405
Attica High School,223,1,0,0,0,-87.250629,40.277395
South Newton Senior High Sch,220,1,0,0,0,-87.3843312,40.8079239
South Central (Elizabeth) Jr & Sr HS,212,1,0,0,0,-86.0018116,38.0820991
Oldenburg Academy,210,1,0,0,0,-85.2007007,39.3425846
Barr Reeve Jr-Sr High School,203,1,0,0,0,-87.049189,38.668275
Faith Christian School,203,1,0,0,0,-86.7983328,40.4187056
Frontier Jr-Sr High School,202,1,0,0,0,-86.862799,40.6642995
Argos Comm Jr-Sr High School,198,1,0,0,0,-86.2503224,41.24131
Morristown Jr-Sr High School,194,1,0,0,0,-85.7017433,39.6725742
Blue River Valley Jr-Sr HS,186,1,0,0,0,-85.328867,40.001838
Lakewood Park Christian Sch,186,1,0,0,0,-85.0466916,41.3320724
Elkhart Christian Academy,185,1,0,0,0,-85.9633077,41.6394979
Indiana Math & Science Academy,185,1,0,0,0,-86.1209423,39.8898852
Oregon-Davis Jr-Sr High School,182,1,0,0,0,-86.552251,41.388466
Greenwood Christian Academy,180,1,0,0,0,-86.122723,39.584151
Shoals Comm Jr-Sr High Sch,177,1,0,0,0,-86.7776262,38.6674378
Randolph Southern Jr-Sr High Sch,172,1,0,0,0,-84.9455942,40.052241
International Sch of Indiana HS,165,1,0,0,0,-86.186585,39.834057
Waldron Jr-Sr High School,163,1,0,0,0,-85.661158,39.453185
Turkey Run High School,159,1,0,0,0,-87.2118179,39.876897
Liberty Christian School,150,1,0,0,0,-85.6675082,40.0929057
Bethany Christian School,148,1,0,0,0,-85.8271025,41.5455148
Trinity Lutheran HS,142,1,0,0,0,-85.877177,38.985783
Rock Creek Community Academy,137,1,0,0,0,-85.7621701,38.439949
Hamilton Community High Sch,121,1,0,0,0,-84.9197758,41.5221893
Crothersville Jr-Sr High School,120,1,0,0,0,-85.8365242,38.797841
LaCrosse Elem & High School,118,1,0,0,0,-86.8896859,41.317746
Eminence Jr-Sr High School,116,1,0,0,0,-86.6418421,39.5242778
Indiana School For The Deaf,115,1,0,0,0,-86.1354765,39.8337753
Shawe Memorial HS,109,1,0,0,0,-85.3889876,38.7581139
Union (Modoc) Junior & High School,107,1,0,0,0,-85.1413044,40.0470503
Bethesda Christian School,106,1,0,0,0,-86.412057,39.877906
Covenant Christian (DeMotte) HS,99,1,0,0,0,-87.2051442,41.1875696
Lakeland Christian Academy,99,1,0,0,0,-85.7958263,41.2191718
Vincennes Rivet Middle & HS,98,1,0,0,0,-87.5342088,38.6780842
Traders Point Christian Academy *,96,1,0,0,0,-86.3629354,39.9461919
Seton Catholic High School,92,1,0,0,0,-84.8954085,39.824989
Evansville Day School,81,1,0,0,0,-87.4949294,38.0106021
Cannelton Elem & High School,73,1,0,0,0,-86.7439858,37.9100712
Medora Jr & Sr High School,73,1,0,0,0,-86.1722718,38.8246124
Washington Catholic Mid/HS,71,1,0,0,0,-87.1735897,38.6593116
Central Christian Academy,58,1,0,0,0,-86.1241966,39.731225
Indiana School For The Blind,57,1,0,0,0,-86.143404,39.893537
Smith Academy for Excellence,33,1,0,0,0,-85.1485764,41.0756452
Terre Haute LaVern Gibson,0,0,0,0,0,-87.2602811,39.4564711
